wall_seconds,reset_count,step,cycle_mode,cycle_count,experiment,symmetry_break,drive_env,gate_value,signal_phase,corr_value,replay_period_ratio,frequency_faithfulness,output_omega,output_replay_adv,current_balance,C_mean,C_slow_mean,R_mean,S_mean,dC_mean,dC_pos_mean,dC_neg_mean,R_slow_mean,retention_mean,improve_mean,degrade_mean,surprise_gate_mean,quiet_prune_mean,S_growth_mean,S_mass
1.8827224997803569,0,1,warmup,0,temporal_v1,,0.0,0.0,0.0,0.0,nan,nan,0.0,0.0,0.0,0.32262593507766724,0.032262593507766724,0.4811006784439087,0.12478934973478317,0.32262593507766724,0.32262593507766724,0.0,0.009622013196349144,0.0,0.3206259310245514,0.0,0.0,0.07037799060344696,0.0,0.12478934228420258
4.75163699965924,0,11,warmup,0,temporal_v1,,0.0,0.0,0.7853981633974483,0.0,nan,nan,0.0,0.0,0.0,0.8713119029998779,0.11616751551628113,0.07561246305704117,0.12439091503620148,0.839049220085144,0.839049220085144,0.0,0.010941822081804276,0.032262593507766724,0.8370492458343506,0.0,0.0011720939073711634,0.06905817985534668,0.0409540981054306,0.12439092248678207
6.925545299425721,0,21,warmup,0,temporal_v1,,0.0,0.0,1.5707963267948966,0.0,nan,nan,0.0,0.0,0.0,0.9118061065673828,0.19573137164115906,0.05158282816410065,0.1247071921825409,0.7956385612487793,0.7956401109695435,1.5705809346400201e-06,0.01175464317202568,0.11616751551628113,0.7936421036720276,0.0,0.0044356659054756165,0.06824535131454468,0.17574173212051392,0.12470719963312149
8.449260899797082,0,31,warmup,0,temporal_v1,,0.0,0.0,2.356194490192345,0.0,nan,nan,0.0,0.0,0.0,0.9294302463531494,0.26910126209259033,0.04101061820983887,0.1259327083826065,0.7336989045143127,0.7337349653244019,3.611142165027559e-05,0.012339761480689049,0.19573137164115906,0.7317389249801636,3.220517100999132e-05,0.008633432909846306,0.06766024231910706,0.3532744348049164,0.1259327083826065
10.578827800229192,0,41,warmup,0,temporal_v1,,0.0,0.0,3.141592653589793,0.0,nan,nan,0.0,0.0,0.0,0.9466588497161865,0.33685702085494995,0.031095441430807114,0.12828652560710907,0.6775575876235962,0.6775798797607422,2.2227002773433924e-05,0.012714875862002373,0.26910126209259033,0.6755837202072144,2.027387745329179e-05,0.011636507697403431,0.06728512048721313,0.5760563611984253,0.12828654050827026
12.041895499452949,0,51,warmup,0,temporal_v1,,0.0,0.0,3.9269908169872414,0.0,nan,nan,0.0,0.0,0.0,0.9556841850280762,0.3987397253513336,0.02569207176566124,0.13118115067481995,0.618827223777771,0.6188422441482544,1.50870910147205e-05,0.012974420562386513,0.33685702085494995,0.6168464422225952,1.118084037443623e-05,0.014030525460839272,0.0670255720615387,0.6831132769584656,0.13118113577365875
14.183539799414575,0,61,warmup,0,temporal_v1,,0.0,0.0,4.71238898038469,0.0,nan,nan,0.0,0.0,0.0,0.9577046036720276,0.45463621616363525,0.0245808232575655,0.1342003494501114,0.5589649081230164,0.5593069791793823,0.0003420720750000328,0.013206548057496548,0.3987397253513336,0.5573147535324097,0.00033425958827137947,0.01631748490035534,0.06679344922304153,0.7048797607421875,0.13420036435127258
15.660252999514341,0,71,warmup,0,temporal_v1,,0.0,0.0,5.497787143782138,0.0,nan,nan,0.0,0.0,0.0,0.9616577625274658,0.5053383111953735,0.02240658923983574,0.13764789700508118,0.5070215463638306,0.5074172019958496,0.0003956638975068927,0.013390550389885902,0.45463621616363525,0.5054270029067993,0.0003858983109239489,0.018536649644374847,0.0666094422340393,0.7847574949264526,0.13764789700508118
17.78791769966483,0,81,warmup,0,temporal_v1,,0.0,0.0,0.0,0.0,nan,nan,0.0,0.0,0.0,0.9675624370574951,0.5515607595443726,0.018719561398029327,0.14168307185173035,0.4622241258621216,0.46308934688568115,0.0008652276592329144,0.013497130014002323,0.5053383111953735,0.46110299229621887,0.0008515558438375592,0.020004596561193466,0.06650286912918091,0.9003874063491821,0.14168307185173035
19.235122700221837,0,91,warmup,0,temporal_v1,,0.0,0.0,0.7853981633974483,0.0,nan,nan,0.0,0.0,0.0,0.9704285264015198,0.5934475064277649,0.01714322715997696,0.14593064785003662,0.4188677668571472,0.4206557869911194,0.0017880310770124197,0.01357005164027214,0.5515607595443726,0.4186733663082123,0.0017704530619084835,0.02120831608772278,0.06643079221248627,0.9414618015289307,0.14593064785003662
21.334984499961138,0,101,warmup,0,temporal_v1,,0.0,0.0,1.5707963267948966,0.0,nan,nan,0.0,0.0,0.0,0.9789031744003296,0.6319930553436279,0.012042713351547718,0.1503293812274933,0.3854556679725647,0.3861759305000305,0.0007202549604699016,0.013539506122469902,0.5934475064277649,0.38418763875961304,0.000708536128513515,0.02161143347620964,0.06647153198719025,0.9841982126235962,0.1503293812274933
22.78349869977683,0,111,warmup,0,temporal_v1,,0.0,0.0,2.356194490192345,0.0,nan,nan,0.0,0.0,0.0,0.980238139629364,0.6668175458908081,0.01130848191678524,0.15407735109329224,0.3482450544834137,0.3490799367427826,0.000834870443213731,0.0134948855265975,0.6319930553436279,0.3470897078514099,0.0008251047693192959,0.021950187161564827,0.06652312725782394,0.9229162931442261,0.15407735109329224
24.891284399665892,0,121,warmup,0,temporal_v1,,0.0,0.0,3.141592653589793,0.0,nan,nan,0.0,0.0,0.0,0.9810398817062378,0.698239803314209,0.010867544449865818,0.15765319764614105,0.3142222762107849,0.3154153823852539,0.0011931154876947403,0.01344233937561512,0.6668175458908081,0.3134310245513916,0.0011774904560297728,0.02226693369448185,0.06657499074935913,0.8767448663711548,0.15765319764614105
26.35119180008769,0,131,warmup,0,temporal_v1,,0.0,0.0,3.9269908169872414,0.0,nan,nan,0.0,0.0,0.0,0.981701135635376,0.726585865020752,0.010503829456865788,0.1605120301246643,0.2834613621234894,0.28477558493614197,0.0013142211828380823,0.013383569195866585,0.698239803314209,0.2827873229980469,0.0013025024672970176,0.022581998258829117,0.06663206219673157,0.8194007873535156,0.1605120301246643
28.458042100071907,0,141,warmup,0,temporal_v1,,0.0,0.0,4.71238898038469,0.0,nan,nan,0.0,0.0,0.0,0.9822514653205872,0.7521524429321289,0.010201169177889824,0.16268646717071533,0.25566551089286804,0.2572576105594635,0.0015920830192044377,0.013319921679794788,0.726585865020752,0.2552732527256012,0.0015764578711241484,0.022897467017173767,0.06669484078884125,0.7631680369377136,0.16268646717071533
29.915413999930024,0,151,warmup,0,temporal_v1,,0.0,0.0,5.497787143782138,0.0,nan,nan,0.0,0.0,0.0,0.9829587340354919,0.7752330303192139,0.009812148287892342,0.16471324861049652,0.23080632090568542,0.23261763155460358,0.0018113194964826107,0.013249766081571579,0.7521524429321289,0.23063519597053528,0.0017937412485480309,0.023123791441321373,0.06676357984542847,0.7313234806060791,0.16471323370933533
32.0259898994118,0,161,warmup,0,temporal_v1,,0.0,0.0,0.0,0.0,nan,nan,0.0,0.0,0.0,0.9835367202758789,0.7960634231567383,0.009494282305240631,0.16664822399616241,0.20830363035202026,0.2105526328086853,0.0022490026894956827,0.01317465677857399,0.7752330303192139,0.2085682600736618,0.002233377657830715,0.023293670266866684,0.06683667749166489,0.6821091175079346,0.1666482388973236
33.484811400063336,0,171,warmup,0,temporal_v1,,0.0,0.0,0.7853981633974483,0.0,nan,nan,0.0,0.0,0.0,0.9844245910644531,0.8148995041847229,0.00900591816753149,0.1685073971748352,0.18836122751235962,0.19088149070739746,0.002520254347473383,0.013091281987726688,0.7960634231567383,0.18890881538391113,0.002492910251021385,0.023339837789535522,0.0669185221195221,0.658149003982544,0.1685074269771576
35.59481299947947,0,181,warmup,0,temporal_v1,,0.0,0.0,1.5707963267948966,0.0,nan,nan,0.0,0.0,0.0,0.9854136109352112,0.8319509029388428,0.008461982011795044,0.17020872235298157,0.1705140918493271,0.17344069480895996,0.002926592482253909,0.01299869641661644,0.8148995041847229,0.17146217823028564,0.0029051080346107483,0.02330861985683441,0.06700953096151352,0.62941974401474,0.17020872235298157
37.104160900227726,0,191,day,0,temporal_v1,,0.16189187592777776,0.16189187592777776,2.356194490192345,0.0,nan,nan,0.0006243046373128891,0.0,0.0,0.9860759377479553,0.8473633527755737,0.008097697049379349,0.17186543345451355,0.15412503480911255,0.15761344134807587,0.0034884035121649504,0.01290067657828331,0.8319509029388428,0.15564173460006714,0.0034610601142048836,0.023187443614006042,0.06710594147443771,0.6033389568328857,0.17186543345451355
39.25681519974023,0,201,day,0,temporal_v1,,0.46104788997414325,0.46104788997414325,3.141592653589793,0.0,nan,nan,0.007471933029592037,0.0,0.0,0.9939153790473938,0.8620185852050781,0.0033465209417045116,0.17354275286197662,0.14655205607414246,0.14690490067005157,0.0003528464585542679,0.012709593400359154,0.8473633527755737,0.14492052793502808,0.00033722148509696126,0.022289447486400604,0.06729541718959808,0.5959610939025879,0.17354273796081543
40.71674960013479,0,211,day,0,temporal_v1,,0.6534225494796748,0.6534225494796748,3.9269908169872414,0.0,nan,nan,0.016233211383223534,0.0,0.0,0.994661271572113,0.8752827644348145,0.0029362980276346207,0.17499947547912598,0.1326427310705185,0.13354235887527466,0.0008996294345706701,0.012514127418398857,0.8620185852050781,0.13155800104141235,0.0008840044611133635,0.021290745586156845,0.06748926639556885,0.5310932397842407,0.17499949038028717
42.85555419977754,0,221,day,0,temporal_v1,,0.7771306077576989,0.7771306077576989,4.71238898038469,0.0,nan,nan,0.021406156942248344,0.0,0.0,0.9967292547225952,0.8874274492263794,0.0017989035695791245,0.1761627346277237,0.12144647538661957,0.12144647538661957,0.0,0.012299823574721813,0.8752827644348145,0.11944764852523804,0.0,0.020289521664381027,0.06770196557044983,0.4631361961364746,0.1761627346277237
44.31325010024011,0,231,day,0,temporal_v1,,0.8566820607518443,0.8566820607518443,5.497787143782138,0.0,nan,nan,0.022266032174229622,0.0,0.0,0.9983417987823486,0.8985188007354736,0.0009120021131820977,0.17710590362548828,0.11091439425945282,0.11091439425945282,0.0,0.012072067707777023,0.8874274492263794,0.10891439020633698,0.0,0.019313372671604156,0.06792815029621124,0.4002732038497925,0.17710590362548828
46.446244900114834,0,241,day,0,temporal_v1,,0.907838256731067,0.907838256731067,0.0,0.0,nan,nan,0.0242085512727499,0.0,0.0,0.999104380607605,0.9085773825645447,0.0004925986286252737,0.17780321836471558,0.10058552771806717,0.10058552771806717,0.0,0.011840478517115116,0.8985188007354736,0.09858553111553192,0.0,0.01835864596068859,0.06815952062606812,0.34541046619415283,0.17780323326587677
47.92345659993589,0,251,day,0,temporal_v1,,0.9407346563387178,0.9407346563387178,0.7853981633974483,0.0,nan,nan,0.02688540145754814,0.0,0.0,0.9993549585342407,0.9176551103591919,0.00035477630444802344,0.17829515039920807,0.09077758342027664,0.09077758342027664,0.0,0.011610765010118484,0.9085773825645447,0.0887775868177414,0.0,0.017437361180782318,0.06838922947645187,0.29767295718193054,0.17829515039920807
50.0282843997702,0,261,day,0,temporal_v1,,0.9618889483346624,0.9618889483346624,1.5707963267948966,0.0,nan,nan,0.02859301120042801,0.0,0.0,0.9991790652275085,0.9258074760437012,0.0004515212494879961,0.17872554063796997,0.08152393996715546,0.08152393996715546,0.0,0.011387580074369907,0.9176551103591919,0.0795239508152008,0.0,0.01655000075697899,0.06861241906881332,0.2560737729072571,0.17872554063796997
51.4889105996117,0,271,day,0,temporal_v1,,0.9754923844306177,0.9754923844306177,2.356194490192345,0.0,nan,nan,0.02929866313934326,0.0,0.0,0.9986122846603394,0.933087944984436,0.0007632432971149683,0.17903339862823486,0.07280480861663818,0.07280480861663818,0.0,0.011175094172358513,0.9258074760437012,0.07080480456352234,0.0,0.015693336725234985,0.068824902176857,0.21982711553573608,0.17903339862823486
53.6109023001045,0,281,day,0,temporal_v1,,0.9842401824496777,0.9842401824496777,3.141592653589793,0.0,nan,nan,0.03191537782549858,0.0,0.0,0.997695803642273,0.9395487308502197,0.0012673127930611372,0.17920178174972534,0.06460785865783691,0.06496381759643555,0.00035596179077401757,0.010976938530802727,0.933087944984436,0.06297944486141205,0.00034033681731671095,0.014887365512549877,0.06902305781841278,0.1883196234703064,0.17920178174972534
55.067579300142825,0,291,day,0,temporal_v1,,0.9898655236974689,0.9898655236974689,3.9269908169872414,0.0,nan,nan,0.034525420516729355,0.0,0.0,0.9965090155601501,0.9452446699142456,0.0019200455863028765,0.17931604385375977,0.05696031078696251,0.05795592814683914,0.0009956195717677474,0.010795800015330315,0.9395487308502197,0.055972740054130554,0.0009799945401027799,0.014144212007522583,0.06920419633388519,0.16106462478637695,0.17931604385375977
57.18442039936781,0,301,day,0,temporal_v1,,0.9934829442283445,0.9934829442283445,4.71238898038469,0.0,nan,nan,0.03570093959569931,0.0,0.0,0.995535671710968,0.9502737522125244,0.0024553961120545864,0.17937909066677094,0.05029093101620674,0.05219995230436325,0.001909016165882349,0.010628992691636086,0.9452446699142456,0.05024486780166626,0.0018640944035723805,0.013526605442166328,0.06937100738286972,0.13731558620929718,0.17937910556793213
58.653833200223744,0,311,day,0,temporal_v1,,0.9958091553363977,0.9958091553363977,5.497787143782138,0.0,nan,nan,0.03555084764957428,0.0,0.0,0.9990922212600708,0.955155611038208,0.0004992839531041682,0.17939306795597076,0.048818424344062805,0.048818424344062805,0.0,0.010426398366689682,0.9502737522125244,0.04681842774152756,0.0,0.012810188345611095,0.06957359611988068,0.12023711949586868,0.17939306795597076
60.779805599711835,0,321,day,0,temporal_v1,,0.9973050439324407,0.9973050439324407,0.0,0.0,nan,nan,0.03395333141088486,0.0,0.0,0.9997426867485046,0.9596142768859863,0.00014154378732200712,0.17936497926712036,0.044587038457393646,0.044587038457393646,0.0,0.010220701806247234,0.955155611038208,0.0425870418548584,0.0,0.01211138628423214,0.06977929174900055,0.10320053994655609,0.17936497926712036
62.2506405999884,0,331,day,0,temporal_v1,,0.9982669870183565,0.9982669870183565,0.7853981633974483,0.0,nan,nan,0.033296506851911545,0.0,0.0,0.9998584985733032,0.9636386632919312,7.781612657709047e-05,0.17932450771331787,0.04024422913789749,0.04024422913789749,0.0,0.010017843917012215,0.9596142768859863,0.03824422508478165,0.0,0.01146521046757698,0.06998215615749359,0.08820441365242004,0.17932450771331787
64.37148419953883,0,341,day,0,temporal_v1,,0.9988855721877258,0.9988855721877258,1.5707963267948966,0.0,nan,nan,0.03365594893693924,0.0,0.0,0.9996119737625122,0.9672360420227051,0.00021341351384762675,0.1792793720960617,0.035973288118839264,0.035973288118839264,0.0,0.009821755811572075,0.9636386632919312,0.03397328406572342,0.0,0.010855133645236492,0.07017824053764343,0.0752057433128357,0.1792793571949005
65.83555829990655,0,351,day,0,temporal_v1,,0.9992833583118388,0.9992833583118388,2.356194490192345,0.0,nan,nan,0.034049998968839645,0.0,0.0,0.9990465641021729,0.9704170227050781,0.0005243702325969934,0.17917707562446594,0.03181060403585434,0.03181060403585434,0.0,0.009635807946324348,0.9672360420227051,0.029810599982738495,0.0,0.010299421846866608,0.07036419212818146,0.06385000795125961,0.17917707562446594
67.95817149989307,0,361,day,0,temporal_v1,,0.9995391578498364,0.9995391578498364,3.141592653589793,0.0,nan,nan,0.03560583293437958,0.0,0.0,0.9982012510299683,0.9731954336166382,0.0009893163805827498,0.17908412218093872,0.027784209698438644,0.028203193098306656,0.0004189847968518734,0.009462878108024597,0.9704170227050781,0.02621881663799286,0.0004033598233945668,0.009814251214265823,0.07053712010383606,0.05394050478935242,0.17908413708209991
69.41855429951102,0,371,day,0,temporal_v1,,0.9997036517818099,0.9997036517818099,3.9269908169872414,0.0,nan,nan,0.03683870658278465,0.0,0.0,0.9973594546318054,0.9756118655204773,0.001452300464734435,0.17905330657958984,0.024164021015167236,0.025249388068914413,0.0010853670537471771,0.00930266734212637,0.9731954336166382,0.023265011608600616,0.0010697421384975314,0.00948236882686615,0.07069732993841171,0.045416977256536484,0.17905330657958984
71.53434619959444,0,381,day,0,temporal_v1,,0.9998094309160017,0.9998094309160017,4.71238898038469,0.0,nan,nan,0.03695584461092949,0.0,0.0,0.9984016418457031,0.9778907895088196,0.00087909703142941,0.17901773750782013,0.02278982661664486,0.02302640862762928,0.00023658154532313347,0.009134195744991302,0.9756118655204773,0.021042034029960632,0.00022095655731391162,0.009079844690859318,0.07086579501628876,0.03916752338409424,0.17901773750782013
73.01261989958584,0,391,day,0,temporal_v1,,0.9998774530314448,0.9998774530314448,5.497787143782138,0.0,nan,nan,0.03638112172484398,0.0,0.0,0.9994335174560547,0.9800450205802917,0.0003115570289082825,0.17900051176548004,0.021542757749557495,0.021542757749557495,0.0,0.008957743644714355,0.9778907895088196,0.01954275742173195,0.0,0.00858386605978012,0.0710422545671463,0.037512730807065964,0.17900049686431885
75.12372899986804,0,401,day,0,temporal_v1,,1.0,1.0,0.0,0.0,nan,nan,0.03431638702750206,0.0,0.0,0.9998693466186523,0.9820274114608765,7.18769952072762e-05,0.17905566096305847,0.019824283197522163,0.019824283197522163,0.0,0.00878002680838108,0.9800450205802917,0.017824282869696617,0.0,0.008091412484645844,0.07121997326612473,0.033093854784965515,0.17905566096305847
76.59720059949905,0,411,day,0,temporal_v1,,1.0,1.0,0.7853981633974483,0.0,nan,nan,0.0337938629090786,0.0,0.0,0.9999362826347351,0.9838182926177979,3.50492809957359e-05,0.17901426553726196,0.017908837646245956,0.017908837646245956,0.0,0.008605126291513443,0.9820274114608765,0.01590883731842041,0.0,0.007627373561263084,0.07139486819505692,0.027869325131177902,0.17901425063610077
78.76902570016682,0,421,day,0,temporal_v1,,1.0,1.0,1.5707963267948966,0.0,nan,nan,0.034194719046354294,0.0,0.0,0.9997310638427734,0.9854095578193665,0.00014791765715926886,0.1788785308599472,0.01591275818645954,0.01591275818645954,0.0,0.008435983210802078,0.9838182926177979,0.013912757858633995,0.0,0.007213044911623001,0.07156401872634888,0.02283898927271366,0.1788785308599472
80.23996169958264,0,431,day,0,temporal_v1,,1.0,1.0,2.356194490192345,0.0,nan,nan,0.03454059734940529,0.0,0.0,0.9992832541465759,0.9867969155311584,0.0003942082403227687,0.17873384058475494,0.01387370377779007,0.01387370377779007,0.0,0.008275147527456284,0.9854095578193665,0.011873703449964523,0.0,0.0068702371791005135,0.07172484695911407,0.017843421548604965,0.17873385548591614
82.36689430009574,0,441,night,0,temporal_v1,,0.0,0.0,3.141592653589793,0.0,nan,nan,0.035117294639348984,0.01628163643181324,0.0,0.9996834993362427,0.9880855083465576,0.00017406785627827048,0.17861157655715942,0.012886611744761467,0.012886611744761467,0.0,0.008113126270473003,0.9867969155311584,0.01088661141693592,0.0,0.0064776381477713585,0.07188686728477478,0.01736428402364254,0.17861157655715942
83.83486519940197,0,451,night,0,temporal_v1,,0.0,0.0,3.9269908169872414,0.9992896318435669,nan,nan,0.03442124277353287,0.01595892384648323,0.0,0.9998936653137207,0.9892663359642029,5.849095759913325e-05,0.1785133183002472,0.011808112263679504,0.011808112263679504,0.0,0.007952033542096615,0.9880855083465576,0.009808111935853958,0.0,0.006096165161579847,0.07204796373844147,0.01475683692842722,0.1785133183002472
85.95990819949657,0,461,night,0,temporal_v1,,0.0,0.0,4.71238898038469,0.9975292682647705,nan,nan,0.033738985657691956,0.015642603859305382,0.0,0.9999240636825562,0.9903321266174316,4.175748472334817e-05,0.1783682107925415,0.010657746344804764,0.010657746344804764,0.0,0.007793827913701534,0.9892663359642029,0.008657746016979218,0.0,0.005727377720177174,0.07220616936683655,0.01229086797684431,0.1783682107925415
87.43562859948725,0,471,night,0,temporal_v1,,0.0,0.0,5.497787143782138,0.9915565252304077,nan,nan,0.03307025507092476,0.015332556329667568,0.0,0.9999403953552246,0.9912928342819214,3.277712676208466e-05,0.178205668926239,0.009608319029211998,0.009608319029211998,0.0,0.007638607174158096,0.9903321266174316,0.007608319632709026,0.0,0.005373519845306873,0.07236139476299286,0.01019462663680315,0.178205668926239
89.5636420994997,0,481,night,0,temporal_v1,,0.0,0.0,0.0,0.8443063497543335,nan,nan,0.03241478279232979,0.015028655529022217,0.0,0.9999518394470215,0.9921587705612183,2.6501420506974682e-05,0.17811554670333862,0.008658919483423233,0.008658919483423233,0.0,0.007486365269869566,0.9912928342819214,0.006658919155597687,0.0,0.005033554509282112,0.0725136324763298,0.008424930274486542,0.17811553180217743
91.04399739950895,0,491,night,0,temporal_v1,,0.0,0.0,0.7853981633974483,0.5056155323982239,nan,nan,0.03177229315042496,0.01473077479749918,0.0,0.9999600648880005,0.9929388761520386,2.197748835897073e-05,0.17804259061813354,0.0078012761659920216,0.0078012761659920216,0.0,0.007337077520787716,0.9921587705612183,0.005801275372505188,0.0,0.00470713060349226,0.07266291975975037,0.00695075374096632,0.17804259061813354
93.17836750019342,0,501,night,0,temporal_v1,,0.0,0.0,1.5707963267948966,0.04860673099756241,nan,nan,0.031142545863986015,0.014438801445066929,0.0,0.9999662637710571,0.9936416149139404,1.856678500189446e-05,0.1779201328754425,0.007027371320873499,0.007027371320873499,0.0,0.0071907080709934235,0.9929388761520386,0.005027370993047953,0.0,0.0043985736556351185,0.07280929386615753,0.005722349509596825,0.1779201328754425
94.66179069969803,0,511,night,0,temporal_v1,,0.0,0.0,2.356194490192345,-0.364889919757843,nan,nan,0.03052527830004692,0.01415261346846819,0.0,0.9999709725379944,0.9942744970321655,1.5950256056385115e-05,0.17781081795692444,0.006329414900392294,0.006329414900392294,0.0,0.007047212682664394,0.9936416149139404,0.004329414572566748,0.0,0.00410910788923502,0.07295278459787369,0.004694010131061077,0.17781081795692444
96.79306530021131,0,521,night,0,temporal_v1,,0.0,0.0,3.141592653589793,-0.6327667236328125,nan,nan,0.029920244589447975,0.013872098177671432,0.0,0.9999747276306152,0.9948445558547974,1.3906555068388116e-05,0.17769595980644226,0.00570021104067564,0.00570021104067564,0.0,0.006906546652317047,0.9942744970321655,0.00370021048001945,0.0,0.003831770271062851,0.07309345155954361,0.003825587220489979,0.17769595980644226
98.2808526000008,0,531,night,0,temporal_v1,,0.0,0.0,3.9269908169872414,-0.7770472764968872,nan,nan,0.02932720258831978,0.01359714288264513,0.0,0.999977707862854,0.9953578114509583,1.2261338270036504e-05,0.17758294939994812,0.005133202765136957,0.005133202765136957,0.0,0.006768660619854927,0.9948445558547974,0.003133202437311411,0.0,0.0035599637776613235,0.07323133945465088,0.0030919667333364487,0.17758294939994812
100.3957982994616,0,541,night,0,temporal_v1,,0.0,0.0,4.71238898038469,-0.8504779934883118,nan,nan,0.028745919466018677,0.013327638618648052,0.0,0.9999802112579346,0.9958200454711914,1.0909071534115355e-05,0.17747816443443298,0.004622361622750759,0.004622361622750759,0.0,0.006633506156504154,0.9953578114509583,0.002622361062094569,0.0,0.003309540916234255,0.07336649298667908,0.002509478246793151,0.17747816443443298
101.88513929955661,0,551,night,0,temporal_v1,,0.0,0.0,5.497787143782138,-0.8884928226470947,nan,nan,0.02817615494132042,0.013063475489616394,0.0,0.9999822378158569,0.9962362051010132,9.78547177510336e-06,0.17737910151481628,0.004162188619375229,0.004162188619375229,0.0,0.006501032039523125,0.9958200454711914,0.00216218875721097,0.0,0.0030676645692437887,0.07349896430969238,0.002023796085268259,0.17737910151481628
104.02236679941416,0,561,night,0,temporal_v1,,0.0,0.0,0.0,-0.9087841510772705,nan,nan,0.02761768363416195,0.012804548256099224,0.0,0.9999839067459106,0.9966109991073608,8.834802429191768e-06,0.1772877424955368,0.003747709561139345,0.003747709561139345,0.0,0.006371187977492809,0.9962362051010132,0.0017477093497291207,0.0,0.0028309866320341825,0.07362881302833557,0.0016161208041012287,0.1772877275943756
105.50650139991194,0,571,night,0,temporal_v1,,0.0,0.0,0.7853981633974483,-0.9183169007301331,nan,nan,0.02707028202712536,0.012550752609968185,0.0,0.99998539686203,0.9969483613967896,8.026796422200277e-06,0.17717644572257996,0.003374427789822221,0.003374427789822221,0.0,0.006243924610316753,0.9966109991073608,0.0013744276948273182,0.0,0.0026073106564581394,0.07375606894493103,0.0012810827465727925,0.17717643082141876
107.63982030004263,0,581,night,0,temporal_v1,,0.0,0.0,1.5707963267948966,-0.9213123917579651,nan,nan,0.02653373032808304,0.012301988899707794,0.0,0.9999866485595703,0.9972522258758545,7.34137120161904e-06,0.17708393931388855,0.0030382522381842136,0.0030382522381842136,0.0,0.006119193509221077,0.9969483613967896,0.001038252143189311,0.0,0.0023963740095496178,0.07388080656528473,0.0010129444999620318,0.17708393931388855
109.11232879944146,0,591,night,0,temporal_v1,,0.0,0.0,2.356194490192345,-0.9193772673606873,nan,nan,0.026007814332842827,0.012058154679834843,0.0,0.999987781047821,0.9975257515907288,6.746419330738718e-06,0.17701835930347443,0.002735529560595751,0.002735529560595751,0.0,0.005996944382786751,0.9972522258758545,0.0007355292909778655,0.0,0.0021954088006168604,0.07400305569171906,0.0007949862629175186,0.17701835930347443
111.24235539976507,0,601,night,0,temporal_v1,,0.0,0.0,3.141592653589793,-0.9122302532196045,nan,nan,0.025492319837212563,0.011819154024124146,0.0,0.9999886751174927,0.9977720379829407,6.231311090232339e-06,0.17693285644054413,0.002462934236973524,0.002462934236973524,0.0,0.005877130664885044,0.9975257515907288,0.0004669398767873645,0.0,0.002000427572056651,0.07412286847829819,0.0006152066634967923,0.17693285644054413
113.13620669953525,0,611,night,0,temporal_v1,,0.0,0.0,3.9269908169872414,-0.9003644585609436,nan,nan,0.02498704381287098,0.011584889143705368,0.0,0.9999895095825195,0.9979937076568604,5.78298386244569e-06,0.17683804035186768,0.0022174769546836615,0.0022174769546836615,0.0,0.005759703926742077,0.9977720379829407,0.0003068061196245253,0.0,0.0018159995088353753,0.0742402970790863,0.0004691394278779626,0.17683802545070648
115.46870819944888,0,621,night,0,temporal_v1,,0.0,0.0,4.71238898038469,-0.8856930732727051,nan,nan,0.02449178323149681,0.011355268768966198,0.0,0.9999902248382568,0.9981933832168579,5.3830299293622375e-06,0.17675438523292542,0.001996478997170925,0.001996478997170925,0.0,0.005644617136567831,0.9979937076568604,0.00022177575738169253,0.0,0.0016428965609520674,0.07435537874698639,0.0003515480784699321,0.17675438523292542
116.87643359974027,0,631,night,0,temporal_v1,,0.0,0.0,5.497787143782138,-0.8695477843284607,nan,nan,0.02400633506476879,0.011130197905004025,0.0,0.9999908208847046,0.9983730912208557,5.02834473081748e-06,0.17672181129455566,0.0017974971560761333,0.0017974971560761333,0.0,0.005531825590878725,0.9981933832168579,0.00016644751303829253,0.0,0.0014890298480167985,0.07446818053722382,0.0002586377668194473,0.17672179639339447
118.9734819997102,0,641,night,0,temporal_v1,,0.0,0.0,0.0,-0.8509654998779297,nan,nan,0.0235305093228817,0.01090958807617426,0.0,0.9999914169311523,0.9985349178314209,4.714700935437577e-06,0.17667093873023987,0.00161833968013525,0.00161833968013525,0.0,0.005421283654868603,0.9983730912208557,0.00012742727994918823,0.0,0.0013464970979839563,0.07457871735095978,0.00018485894543118775,0.17667092382907867
120.44774099998176,0,651,night,0,temporal_v1,,0.0,0.0,0.7853981633974483,-0.823634922504425,nan,nan,0.02306411787867546,0.010693351738154888,0.0,0.9999919533729553,0.998680591583252,4.428785814525327e-06,0.17663703858852386,0.001457049511373043,0.001457049511373043,0.0,0.005312946625053883,0.9985349178314209,9.872973896563053e-05,0.0,0.0012219313066452742,0.07468704879283905,0.00012702640378847718,0.17663703858852386
122.58061159960926,0,661,night,0,temporal_v1,,0.0,0.0,1.5707963267948966,-0.7902514338493347,nan,nan,0.022606970742344856,0.010481402277946472,0.0,0.9999924302101135,0.9988117218017578,4.171323780610692e-06,0.17660029232501984,0.0013118316419422626,0.0013118316419422626,0.0,0.005206771194934845,0.998680591583252,7.65746517572552e-05,0.0,0.0011025521671399474,0.07479322701692581,8.256017463281751e-05,0.17660029232501984
124.12126559950411,0,671,night,0,temporal_v1,,0.0,0.0,2.356194490192345,-0.7585747241973877,nan,nan,0.02215888537466526,0.010273653082549572,0.0,0.999992847442627,0.9989297986030579,3.93614755012095e-06,0.176530122756958,0.001181099098175764,0.001181099098175764,0.0,0.0051027145236730576,0.9988117218017578,5.9323268942534924e-05,0.0,0.0009926256025210023,0.07489728927612305,5.0015827582683414e-05,0.17653010785579681
126.19331309944391,0,681,night,0,temporal_v1,,0.0,0.0,3.141592653589793,-0.723899781703949,nan,nan,0.02171967551112175,0.010070020332932472,0.0,0.9999932646751404,0.9990361332893372,3.7213642372080358e-06,0.176471546292305,0.001063400530256331,0.001063400530256331,0.0,0.005000734701752663,0.9989297986030579,4.468450788408518e-05,0.0,0.0008848968427628279,0.07499927282333374,2.6036621420644224e-05,0.1764715313911438
127.74208480026573,0,691,day,1,temporal_v1,,0.2327267176325675,0.2327267176325675,3.9269908169872414,0.0,nan,nan,0.02782341279089451,0.0,0.0,0.9999945163726807,0.9991319179534912,3.028480477951234e-06,0.1764141023159027,0.0009583425708115101,0.0009583425708115101,0.0,0.004900780506432056,0.9990361332893372,3.3625208743615076e-05,0.0,0.0007793204858899117,0.07509922236204147,9.825147571973503e-06,0.17641408741474152
129.91252319980413,0,701,day,1,temporal_v1,,0.5065987995807112,0.5065987995807112,4.71238898038469,0.0,nan,nan,0.031467504799366,0.0,0.0,0.9999755620956421,0.9992163181304932,1.3413475244306028e-05,0.17639365792274475,0.000843647459987551,0.000843647459987551,0.0,0.004803033545613289,0.9991319179534912,8.19954220787622e-06,0.0,0.0006805703742429614,0.07519696652889252,1.3014177966397256e-06,0.17639365792274475
131.43916490022093,0,711,day,1,temporal_v1,,0.6827144250037704,0.6827144250037704,5.497787143782138,0.0,nan,nan,0.032171495258808136,0.0,0.0,0.9999153017997742,0.9992861747741699,4.658138641389087e-05,0.17638784646987915,0.0006989982794038951,0.0007290916983038187,3.0093418899923563e-05,0.0047079045325517654,0.9992163181304932,0.0,1.4468419067270588e-05,0.0005880101816728711,0.07529209554195404,-1.0127891982847359e-05,0.17638786137104034
133.7101878998801,0,721,day,1,temporal_v1,,0.7959669818088418,0.7959669818088418,0.0,0.0,nan,nan,0.03396886587142944,0.0,0.0,0.9998699426651001,0.999344527721405,7.151876343414187e-05,0.1763281673192978,0.0005837781354784966,0.0006428895867429674,5.9111451264470816e-05,0.004615176934748888,0.9992861747741699,0.0,4.3486448703333735e-05,0.0004981374368071556,0.07538482546806335,-3.0440513000939973e-05,0.1763281524181366
135.40570029988885,0,731,day,1,temporal_v1,,0.8687949412364927,0.8687949412364927,0.7853981633974483,0.0,nan,nan,0.035070352256298065,0.0,0.0,0.9999550580978394,0.9994056224822998,2.470559411449358e-05,0.17625635862350464,0.0006105360807850957,0.0006105360807850957,0.0,0.0045233676210045815,0.999344527721405,3.3986598282353953e-06,0.0,0.0004190125036984682,0.07547663152217865,0.0,0.17625635862350464
137.53786639962345,0,741,day,1,temporal_v1,,0.915627541082557,0.915627541082557,1.5707963267948966,0.0,nan,nan,0.03523050993680954,0.0,0.0,0.9998373985290527,0.9994487762451172,8.94249533303082e-05,0.17615005373954773,0.00043183210073038936,0.0005294589791446924,9.762687841430306e-05,0.004434688948094845,0.9994056224822998,0.0,8.200187585316598e-05,0.00035196973476558924,0.07556530833244324,-5.740131382481195e-05,0.17615006864070892
139.10815660003573,0,751,day,1,temporal_v1,,0.9457436177319438,0.9457436177319438,2.356194490192345,0.0,nan,nan,0.035143982619047165,0.0,0.0,0.9999160170555115,0.9994954466819763,4.621392872650176e-05,0.17605039477348328,0.0004672360955737531,0.0004742693272419274,7.033231668174267e-06,0.004346919246017933,0.9994487762451172,0.0,0.0,0.0002960414276458323,0.075653076171875,0.0,0.17605039477348328
141.27890300005674,0,761,day,1,temporal_v1,,0.9651100008866893,0.9651100008866893,3.141592653589793,0.0,nan,nan,0.03492087870836258,0.0,0.0,0.9999804496765137,0.9995439052581787,1.0765611477836501e-05,0.175923690199852,0.0004849861143156886,0.0004849861143156886,0.0,0.004260196350514889,0.9994954466819763,3.254684270359576e-05,0.0,0.00024695327738299966,0.0757398009300232,0.0,0.17592370510101318
142.77358329948038,0,771,day,1,temporal_v1,,0.9775637079502898,0.9775637079502898,3.9269908169872414,0.0,nan,nan,0.03495195508003235,0.0,0.0,0.9999929666519165,0.9995888471603394,3.899843704857631e-06,0.1758222132921219,0.00044899259228259325,0.00044899259228259325,0.0,0.00417507067322731,0.9995439052581787,3.161557833664119e-05,0.0,0.00021156383445486426,0.07582493126392365,0.0,0.17582222819328308
144.9415311999619,0,781,day,1,temporal_v1,,0.9855721635502179,0.9855721635502179,4.71238898038469,0.0,nan,nan,0.035103682428598404,0.0,0.0,0.9999462366104126,0.999624490737915,2.9574795917142183e-05,0.1757333129644394,0.00035743461921811104,0.0003590768901631236,1.6422709450125694e-06,0.004092160612344742,0.9995888471603394,0.0,0.0,0.0001780360034899786,0.07590784132480621,0.0,0.17573332786560059
146.4644225994125,0,791,day,1,temporal_v1,,0.9907220647618398,0.9907220647618398,5.497787143782138,0.0,nan,nan,0.0351974256336689,0.0,0.0,0.9998534917831421,0.9996473789215088,8.059671381488442e-05,0.1755487620830536,0.00022894563153386116,0.0003086515935137868,7.970596197992563e-05,0.004011929500848055,0.999624490737915,0.0,6.364661385305226e-05,0.00014596711844205856,0.07598806917667389,-4.4552631152328104e-05,0.1755487620830536
148.64114619977772,0,801,day,1,temporal_v1,,0.9940337497875646,0.9940337497875646,0.0,0.0,nan,nan,0.03554639592766762,0.0,0.0,0.9997856616973877,0.9996611475944519,0.00011788940173573792,0.17549222707748413,0.00013827031943947077,0.00026848248671740294,0.00013021216727793217,0.003934049047529697,0.9996473789215088,0.0,0.00010500746429897845,0.00012351886834949255,0.07606595009565353,-7.350521627813578e-05,0.17549224197864532
150.1312696998939,0,811,day,1,temporal_v1,,0.9961633552419101,0.9961633552419101,0.7853981633974483,0.0,nan,nan,0.03579668700695038,0.0,0.0,0.9999359846115112,0.9996886253356934,3.5242723242845386e-05,0.1753542572259903,0.00027473660884425044,0.00027473660884425044,0.0,0.0038560726679861546,0.9996611475944519,7.317548806895502e-06,0.0,0.0001015232119243592,0.07614392042160034,0.0,0.1753542721271515
152.27815429959446,0,821,day,1,temporal_v1,,0.9975328150051268,0.9975328150051268,1.5707963267948966,0.0,nan,nan,0.03567081317305565,0.0,0.0,0.999825656414032,0.9997023344039917,9.590723493602127e-05,0.17522364854812622,0.00013699074042961001,0.00022814259864389896,9.115185821428895e-05,0.0037808693014085293,0.9996886253356934,0.0,7.488354458473623e-05,7.996508793439716e-05,0.07621912658214569,-5.241847975412384e-05,0.17522364854812622
153.81133719999343,0,831,day,1,temporal_v1,,0.9984134570222869,0.9984134570222869,2.356194490192345,0.0,nan,nan,0.0355045460164547,0.0,0.0,0.9999162554740906,0.9997236728668213,4.6095701691228896e-05,0.1751270294189453,0.00021388311870396137,0.00021388311870396137,0.0,0.0037061742041260004,0.9997023344039917,0.0,0.0,6.0819482314400375e-05,0.07629382610321045,0.0,0.1751270294189453
156.0190377999097,0,841,day,1,temporal_v1,,0.9989797608913149,0.9989797608913149,3.141592653589793,0.0,nan,nan,0.03509973734617233,0.0,0.0,0.9999810457229614,0.9997493624687195,1.0462853424542118e-05,0.17497694492340088,0.0002573036472313106,0.0002573036472313106,0.0,0.0036322600208222866,0.9997236728668213,4.912717849947512e-05,0.0,4.931041621603072e-05,0.07636773586273193,0.0,0.17497693002223969
157.51115150004625,0,851,day,1,temporal_v1,,0.9993439271084916,0.9993439271084916,3.9269908169872414,0.0,nan,nan,0.03503512591123581,0.0,0.0,0.9999930262565613,0.9997737407684326,3.8670928006467875e-06,0.17487917840480804,0.00024358963128179312,0.00024358963128179312,0.0,0.003559692297130823,0.9997493624687195,4.6256958739832044e-05,0.0,3.855861723423004e-05,0.07644030451774597,0.0,0.17487919330596924
159.6918228995055,0,861,day,1,temporal_v1,,0.9995781070973381,0.9995781070973381,4.71238898038469,0.0,nan,nan,0.035161275416612625,0.0,0.0,0.9999481439590454,0.999791145324707,2.8541471692733467e-05,0.1747155785560608,0.00017439265502616763,0.00017439265502616763,0.0,0.003489068942144513,0.9997737407684326,0.0,0.0,3.0422006602748297e-05,0.07651093602180481,0.0,0.1747155636548996
161.1746066994965,0,871,day,1,temporal_v1,,0.9997286984058934,0.9997286984058934,5.497787143782138,0.0,nan,nan,0.035249773412942886,0.0,0.0,0.9998615980148315,0.9997981786727905,7.615367940161377e-05,0.17449066042900085,7.040920900180936e-05,0.00013376947026699781,6.336026126518846e-05,0.0034208111464977264,0.999791145324707,0.0,4.530485603027046e-05,2.493075044185389e-05,0.07657918334007263,-3.1713396310806274e-05,0.17449066042900085
163.38104629982263,0,881,day,1,temporal_v1,,0.9998255373472738,0.9998255373472738,0.0,0.0,nan,nan,0.03557721525430679,0.0,0.0,0.9998081922531128,0.9997991323471069,0.00010549612488830462,0.17436644434928894,1.0034767910838127e-05,0.00011433643521741033,0.0001043016673065722,0.003354504704475403,0.9997981786727905,0.0,7.642756099812686e-05,1.9549337594071403e-05,0.07664549350738525,-5.349929051590152e-05,0.17436644434928894
164.9095545001328,0,891,day,1,temporal_v1,,0.999887810400464,0.999887810400464,0.7853981633974483,0.0,nan,nan,0.03580188378691673,0.0,0.0,0.999943733215332,0.9998135566711426,3.093892155447975e-05,0.17422690987586975,0.00014460243983194232,0.00014460243983194232,0.0,0.0032880334183573723,0.9997991323471069,1.8389637261861935e-05,0.0,1.4275565263233148e-05,0.07671196013689041,0.0,0.17422690987586975
167.01254769973457,0,901,day,1,temporal_v1,,1.0,1.0,1.5707963267948966,0.0,nan,nan,0.03566225245594978,0.0,0.0,0.9998394846916199,0.9998161792755127,8.829953731037676e-05,0.17409437894821167,2.586538903415203e-05,0.0001003970974124968,7.453170837834477e-05,0.0032240389846265316,0.9998135566711426,0.0,5.711530684493482e-05,9.107338883040939e-06,0.07677595317363739,-3.998071406385861e-05,0.17409439384937286
168.56336679961532,0,911,day,1,temporal_v1,,1.0,1.0,2.356194490192345,0.0,nan,nan,0.035500071942806244,0.0,0.0,0.9999212026596069,0.9998266696929932,4.336795973358676e-05,0.17395643889904022,0.00010498979827389121,0.00010579155059531331,8.017523214221001e-07,0.0031604254618287086,0.9998161792755127,2.963150109280832e-06,0.0,4.0425220504403114e-06,0.07683957368135452,0.0,0.17395643889904022
170.75996140018106,0,921,day,1,temporal_v1,,1.0,1.0,3.141592653589793,0.0,nan,nan,0.03511201962828636,0.0,0.0,0.9999819993972778,0.9998421669006348,9.914289876178373e-06,0.17380990087985992,0.0001553341280668974,0.0001553341280668974,0.0,0.0030974154360592365,0.9998266696929932,5.288832471705973e-05,0.0,0.0,0.07690258324146271,0.0,0.17380990087985992
172.58664679992944,0,931,day,1,temporal_v1,,1.0,1.0,3.9269908169872414,0.0,nan,nan,0.035054147243499756,0.0,0.0,0.9999933242797852,0.9998572468757629,3.702988124132389e-06,0.173719584941864,0.00015111331595107913,0.00015111331595107913,0.0,0.003035541158169508,0.9998421669006348,4.94559935759753e-05,0.0,0.0,0.07696446031332016,0.0,0.17371957004070282
174.8763568997383,0,941,night,1,temporal_v1,,0.0,0.0,4.71238898038469,-0.968228816986084,nan,nan,0.03476709499955177,0.016119271516799927,0.0,0.9999991655349731,0.9998713731765747,4.949077379023947e-07,0.17352530360221863,0.00014185841428115964,0.00014185841428115964,0.0,0.0029748401138931513,0.9998572468757629,4.736808477900922e-05,0.0,0.0,0.0770251601934433,0.0,0.17352530360221863
176.46043599955738,0,951,night,1,temporal_v1,,0.0,0.0,5.497787143782138,-0.9543523192405701,nan,nan,0.03407799080014229,0.01579977758228779,0.0,0.9999997615814209,0.9998842477798462,1.331471253251948e-07,0.17337311804294586,0.0001283446908928454,0.0001283446908928454,0.0,0.0029153460636734962,0.9998713731765747,4.118334618397057e-05,0.0,0.0,0.07708465307950974,0.0,0.17337313294410706
178.76430889964104,0,961,night,1,temporal_v1,,0.0,0.0,0.0,-0.9535240530967712,nan,nan,0.03340253606438637,0.015486613847315311,0.0,0.9999998211860657,0.9998957514762878,1.1451483317159727e-07,0.1732082962989807,0.00011555530363693833,0.00011555530363693833,0.0,0.002857041545212269,0.9998842477798462,3.550565452314913e-05,0.0,0.0,0.07714295387268066,0.0,0.1732083112001419
180.2066067000851,0,971,night,1,temporal_v1,,0.0,0.0,0.7853981633974483,-0.9650359749794006,nan,nan,0.03274047002196312,0.015179654583334923,0.0,0.9999997615814209,0.9999061822891235,1.2184609943233227e-07,0.17297062277793884,0.00010400079190731049,0.00010400079190731049,0.0,0.0027999032754451036,0.9998957514762878,3.039310104213655e-05,0.0,0.0,0.07720009237527847,0.0,0.17297062277793884
182.40685740020126,0,981,night,1,temporal_v1,,0.0,0.0,1.5707963267948966,-0.9791291356086731,nan,nan,0.03209153190255165,0.01487878430634737,0.0,0.9999997615814209,0.9999154806137085,1.302338290543048e-07,0.17295712232589722,9.359646355733275e-05,9.359646355733275e-05,0.0,0.0027439077384769917,0.9999061822891235,2.5791439838940278e-05,0.0,0.0,0.07725609093904495,0.0,0.17295712232589722
